Date,Open,High,Low,Close,Adj Close,Volume,PnL,% Change
1/2/2015,900.309998,903.559998,899.539978,903.130005,903.130005,0,Profit,0.313226223
1/5/2015,899.820007,900.849976,895.359985,898.27002,898.27002,0,Loss,0.172255227
1/6/2015,889.719971,893.869995,888.200012,888.200012,888.200012,0,Loss,0.170835662
1/7/2015,889.849976,898.119995,889.539978,897.51001,897.51001,0,Profit,0.860823083
1/8/2015,900.359985,902.289978,898,898,898,0,Loss,0.262115714
1/9/2015,901.809998,904.5,898.159973,898.830017,898.830017,0,Loss,0.33044444
1/12/2015,895.309998,899.030029,890.830017,890.830017,890.830017,0,Loss,0.50038322
1/13/2015,893.869995,898.650024,893.719971,897.549988,897.549988,0,Profit,0.411692195
1/14/2015,898.27002,899.320007,886.940002,886.940002,886.940002,0,Loss,1.261315389
1/15/2015,892.190002,894.859985,889.030029,893.690002,893.690002,0,Profit,0.168125623
1/16/2015,891.98999,897.419983,885.440002,886.340027,886.340027,0,Loss,0.633411032
1/19/2015,887.299988,891.210022,884.179993,887.26001,887.26001,0,Loss,0.004505579
1/20/2015,887.840027,890.900024,881.669983,890.900024,890.900024,0,Profit,0.344656347
1/21/2015,893.5,902.830017,890.400024,902.830017,902.830017,0,Profit,1.044210073
1/22/2015,902.919983,912.450012,902.76001,910.780029,910.780029,0,Profit,0.870514126
1/23/2015,917.869995,926.52002,917.869995,926.52002,926.52002,0,Profit,0.942401979
1/26/2015,921.150024,922.830017,901.400024,913.030029,913.030029,0,Loss,0.881506246
1/27/2015,911.619995,916.099976,908.51001,916.099976,916.099976,0,Profit,0.491430752
1/28/2015,914.849976,915.210022,911.049988,911.690002,911.690002,0,Loss,0.345408983
1/29/2015,910.349976,910.929993,907.640015,909.059998,909.059998,0,Loss,0.141701327
1/30/2015,916.059998,916.570007,911.72998,912.049988,912.049988,0,Loss,0.437745345
2/2/2015,908.960022,911.580017,905.169983,908.390015,908.390015,0,Loss,0.062709799
2/3/2015,911.27002,915.609985,910.97998,913.590027,913.590027,0,Profit,0.254590511
2/4/2015,919.590027,925.780029,916.390015,920.349976,920.349976,0,Profit,0.082639978
2/5/2015,918.789978,919.630005,906,910.940002,910.940002,0,Loss,0.854381979
2/6/2015,915.349976,923.890015,914.52002,923.890015,923.890015,1584274800,Profit,0.932980742
2/9/2015,926.289978,926.289978,926.289978,926.289978,926.289978,0,Same,0
2/10/2015,920.909973,920.909973,920.909973,920.909973,920.909973,0,Same,0
2/11/2015,926.169983,926.169983,926.169983,926.169983,926.169983,0,Same,0
2/12/2015,928.929993,928.929993,928.929993,928.929993,928.929993,0,Same,0
2/13/2015,934.130005,937.820007,932.969971,937.820007,937.820007,1104977300,Profit,0.395020177
2/16/2015,926.799988,926.799988,926.799988,926.799988,926.799988,0,Same,0
2/17/2015,929.679993,929.679993,929.679993,929.679993,929.679993,0,Same,0
2/18/2015,938.590027,948.380005,938.02002,940.409973,940.409973,2015469700,Profit,0.193902124
2/20/2015,942.690002,948.51001,941.109985,941.109985,941.109985,1245847300,Loss,0.167607272
2/23/2015,942.130005,942.130005,942.130005,942.130005,942.130005,0,Same,0
2/24/2015,944.460022,944.460022,944.460022,944.460022,944.460022,0,Same,0
2/25/2015,950.830017,950.830017,950.830017,950.830017,950.830017,0,Same,0
2/26/2015,951.090027,951.090027,951.090027,951.090027,951.090027,0,Same,0
2/27/2015,951.169983,952.469971,946.880005,946.880005,946.880005,1046592000,Loss,0.451021171
3/2/2015,953.690002,953.690002,953.690002,953.690002,953.690002,0,Same,0
3/3/2015,953.109985,953.109985,953.109985,953.109985,953.109985,0,Same,0
3/4/2015,946.51001,946.51001,946.51001,946.51001,946.51001,0,Same,0
3/5/2015,946.570007,946.570007,946.570007,946.570007,946.570007,0,Same,0
3/6/2015,950.669983,960.780029,948.960022,960.780029,960.780029,1324021900,Profit,1.063465365
3/9/2015,952.960022,953.169983,942.890015,946.549988,946.549988,1094613300,Loss,0.672644587
3/10/2015,944.650024,952.359985,937.900024,949.400024,949.400024,1169716200,Profit,0.502831724
3/11/2015,943.179993,945.820007,938.950012,941.51001,941.51001,1649304400,Loss,0.177058781
3/12/2015,941.169983,948.650024,940.929993,945.049988,945.049988,997894700,Profit,0.412253373
3/13/2015,949.630005,950.419983,940.909973,942.349976,942.349976,973531900,Loss,0.766617415
3/16/2015,939.570007,949.080017,939.48999,945.52002,945.52002,753363200,Profit,0.633269789
3/17/2015,949.960022,951.630005,944.359985,944.98999,944.98999,1130058100,Loss,0.52318328
3/18/2015,941.619995,943.919983,940.669983,940.669983,940.669983,1045746900,Loss,0.100891231
3/19/2015,948.72998,950.900024,947.090027,949.73999,949.73999,1385963100,Profit,0.106459163
3/20/2015,944.5,950.23999,942.299988,946.859985,946.859985,1387941900,Profit,0.249866067
3/23/2015,950.099976,952.409973,947,947,947,850958200,Loss,0.326278926
3/24/2015,947.880005,950.830017,945.969971,947.820007,947.820007,955296500,Loss,0.006329704
3/25/2015,945.299988,946.049988,938.25,939.369995,939.369995,1083593700,Loss,0.627313348
3/26/2015,933.159973,941.900024,930.820007,932.01001,932.01001,1189702300,Loss,0.123233211
3/27/2015,927.940002,938.909973,927.159973,937.51001,937.51001,848375500,Profit,1.03131754
3/30/2015,942.190002,953.419983,941.450012,946.460022,946.460022,947031100,Profit,0.453201583
3/31/2015,959.75,962.719971,956.380005,961.940002,961.940002,1326725600,Profit,0.228184631
4/1/2015,961.460022,964.150024,949.02002,951.799988,951.799988,949382700,Loss,1.004725499
4/2/2015,955.179993,957.22998,944.77002,949.219971,949.219971,1118253700,Loss,0.623968471
4/6/2015,952.090027,956.429993,951.539978,953.820007,953.820007,681299900,Profit,0.181703405
4/7/2015,959.47998,962.929993,959.02002,962.030029,962.030029,907065900,Profit,0.265774071
4/8/2015,959.659973,960.659973,951.76001,953.48999,953.48999,853123600,Loss,0.642934286
4/9/2015,955.51001,955.880005,951.400024,955.880005,955.880005,582197400,Profit,0.038722253
4/10/2015,956.72998,957.570007,948.98999,953.210022,953.210022,659400900,Loss,0.367915512
4/13/2015,950.26001,951.809998,944.429993,948.539978,948.539978,782783200,Loss,0.181006459
4/14/2015,946.280029,946.929993,936.48999,940.23999,940.23999,888534500,Loss,0.63829298
4/15/2015,942.039978,942.609985,935.059998,940.619995,940.619995,766141300,Loss,0.150734898
4/16/2015,942.22998,943.76001,937.919983,942.22998,942.22998,870383100,Same,0
4/17/2015,941.539978,943.789978,938.76001,938.76001,938.76001,811458400,Loss,0.295257564
4/20/2015,937.77002,938.349976,933.549988,937.150024,937.150024,691386000,Loss,0.066113864
4/21/2015,938.630005,952,938.23999,952,952,824888300,Profit,1.424415896
4/22/2015,949.940002,952.01001,946.5,948.059998,948.059998,742249600,Loss,0.197907657
4/23/2015,949.22998,954.710022,948.099976,948.840027,948.840027,878036100,Loss,0.041080982
4/24/2015,952.799988,955.76001,947.940002,950.47998,950.47998,728493400,Loss,0.243493706
4/27/2015,941.140015,942.369995,907.450012,910.650024,910.650024,1323965200,Loss,3.23968703
4/28/2015,901.929993,908.650024,892.840027,908.650024,908.650024,1090127500,Profit,0.745072351
4/29/2015,905.450012,907.099976,858.280029,877.289978,877.289978,1594227900,Loss,3.110059487
4/30/2015,872.809998,887.289978,859.450012,869.440002,869.440002,1652506600,Loss,0.386108776
5/4/2015,871.200012,892.27002,870.849976,885.02002,885.02002,1167228300,Profit,1.586318619
5/5/2015,888.22998,899.880005,883.619995,892.719971,892.719971,1161907700,Profit,0.5054987
5/6/2015,885.969971,897.700012,882.98999,897.700012,897.700012,901211000,Profit,1.323977266
5/7/2015,890.179993,898.580017,886.570007,890.039978,890.039978,1098586600,Loss,0.015728841
5/8/2015,896.469971,902.630005,896.26001,898.320007,898.320007,1046165800,Profit,0.206368987
5/11/2015,903.039978,905.27002,897.400024,897.400024,897.400024,719490800,Loss,0.624551973
5/12/2015,898.280029,907.690002,897.380005,902.23999,902.23999,940888500,Profit,0.440838143
5/13/2015,905.169983,913.359985,900.73999,910.97998,910.97998,1441037600,Profit,0.641868059
5/15/2015,912.580017,915.02002,903.809998,906.72998,906.72998,1103201300,Loss,0.641043732
5/18/2015,905.539978,909.309998,904.140015,909.119995,909.119995,920454600,Profit,0.395346101
5/19/2015,908.890015,917.150024,904.450012,915.700012,915.700012,886788700,Profit,0.749265245
5/20/2015,920.48999,926.630005,917.549988,922.330017,922.330017,1000246400,Profit,0.19989647
5/21/2015,926.710022,933.789978,919,927.390015,927.390015,1029731700,Profit,0.073377107
5/22/2015,929.109985,931.02002,922.75,926.599976,926.599976,639707100,Loss,0.270151978
5/25/2015,925.25,925.590027,920.52002,920.919983,920.919983,495085700,Loss,0.467983464
5/26/2015,920.080017,934.119995,919.76001,927.75,927.75,0,Profit,0.8336213
5/27/2015,921.47998,926.97998,912.929993,912.929993,912.929993,851171100,Loss,0.927853799
5/28/2015,915.450012,918.090027,908.210022,910.219971,910.219971,798009100,Loss,0.571308202
5/29/2015,908.419983,913.820007,904.130005,904.130005,904.130005,1797917300,Loss,0.472246106
6/1/2015,903.049988,904.780029,898.070007,904.780029,904.780029,544420100,Profit,0.191577545
6/3/2015,901.599976,902.700012,885.919983,887.200012,887.200012,1044838500,Loss,1.597156653
6/4/2015,884.919983,889.419983,879.330017,879.330017,879.330017,670286500,Loss,0.63169169
6/5/2015,875.710022,881.22998,874.210022,881.22998,881.22998,637827500,Profit,0.63034085
6/8/2015,877.599976,878.309998,861.969971,863.429993,863.429993,749319100,Loss,1.614628918
6/9/2015,860.179993,860.27002,830.179993,838.75,838.75,1132380600,Loss,2.491338229
6/10/2015,842.530029,856.200012,842.090027,846.679993,846.679993,1024665700,Profit,0.492559773
6/11/2015,856.27002,857.23999,840.409973,844.72998,844.72998,719062700,Loss,1.347710387
6/12/2015,846.02002,848.599976,843.159973,846.059998,846.059998,591524700,Profit,0.00472542
6/15/2015,843.359985,843.419983,825.119995,825.119995,825.119995,609942500,Loss,2.162776314
6/16/2015,827.559998,839.22998,823.390015,834.320007,834.320007,786042000,Profit,0.81686029
6/17/2015,839.940002,853.75,839.940002,850.179993,850.179993,902616600,Profit,1.219133626
6/18/2015,850.73999,854.580017,848.039978,850.580017,850.580017,711593200,Loss,0.018803983
6/19/2015,853.98999,859.359985,853.98999,857.650024,857.650024,729972500,Profit,0.428580433
6/22/2015,859.450012,859.450012,851.75,851.840027,851.840027,682864800,Loss,0.885448239
6/23/2015,853.789978,855.340027,846.549988,846.549988,846.549988,623976200,Loss,0.847982547
6/24/2015,850.530029,854.5,846.369995,849.47998,849.47998,976686600,Loss,0.123458192
6/25/2015,847.080017,847.330017,840.900024,840.900024,840.900024,1071291500,Loss,0.729564253
6/26/2015,840.130005,846.630005,836.200012,842.369995,842.369995,703532200,Profit,0.266624211
6/29/2015,835.530029,837.52002,829.77002,834.849976,834.849976,684322600,Loss,0.081391808
6/30/2015,836.080017,846.380005,833.440002,839.140015,839.140015,844391200,Profit,0.365993438
7/1/2015,842.570007,844.869995,837.419983,837.419983,837.419983,626951200,Loss,0.611228023
7/2/2015,840.070007,852.98999,840.030029,848.909973,848.909973,931638800,Profit,1.052289205
7/3/2015,847.76001,857.039978,847.070007,857.039978,857.039978,781322400,Profit,1.094645642
7/6/2015,847.640015,852.080017,842.25,843.01001,843.01001,746650500,Loss,0.546223033
7/7/2015,843.409973,845.26001,836.77002,839.869995,839.869995,754682900,Loss,0.419722094
7/8/2015,841.549988,841.549988,829.690002,831.640015,831.640015,1060721600,Loss,1.177585781
7/9/2015,826.080017,827.97998,818.5,824.72998,824.72998,774587700,Loss,0.163426904
7/10/2015,830.030029,834.799988,825.950012,829.820007,829.820007,899319100,Loss,0.02530294
7/13/2015,830.809998,838.159973,829.309998,837.539978,837.539978,684015200,Profit,0.810050435
7/14/2015,841.109985,844.869995,836.960022,839.409973,839.409973,0,Loss,0.202115304
7/15/2015,837.659973,838.349976,829.23999,832.880005,832.880005,631352700,Loss,0.57063345
7/22/2015,837.450012,842.590027,830.380005,842.590027,842.590027,1015151100,Profit,0.613769769
7/23/2015,840.169983,843.640015,837.960022,839.789978,839.789978,622805800,Loss,0.045229538
7/24/2015,836.700012,837.090027,827.02002,828.390015,828.390015,584027600,Loss,0.99318715
7/27/2015,822.390015,826.700012,808.52002,808.52002,808.52002,685634800,Loss,1.686547106
7/28/2015,802.400024,803,796.440002,796.440002,796.440002,866799000,Loss,0.742774405
7/29/2015,801.320007,807.450012,796.059998,796.059998,796.059998,871940400,Loss,0.65641803
7/30/2015,800.960022,803.840027,793.25,793.25,793.25,841819700,Loss,0.962597606
7/31/2015,795.599976,813.359985,795.450012,813.099976,813.099976,1028896900,Profit,2.199597854
8/3/2015,806.830017,817,806.469971,815.049988,815.049988,1041965300,Profit,1.018798362
8/4/2015,810.950012,816.590027,809.919983,810.97998,810.97998,1235441300,Profit,0.003695419
8/5/2015,812.340027,827.549988,810.76001,827.549988,827.549988,1771337600,Profit,1.872363849
8/6/2015,828.940002,832.150024,818.890015,818.890015,818.890015,1087966900,Loss,1.212390158
8/7/2015,817.630005,817.940002,809.950012,811.460022,811.460022,684601900,Loss,0.754617977
8/10/2015,809.179993,810.039978,800.559998,807.909973,807.909973,877375900,Loss,0.156951483
8/11/2015,811.669983,813.22998,781.109985,781.109985,781.109985,1277626100,Loss,3.765076773
8/12/2015,768.179993,768.179993,747.809998,752.320007,752.320007,1573950100,Loss,2.064618468
8/13/2015,752.77002,779.650024,752.77002,775.119995,775.119995,1620334800,Profit,2.969030966
8/14/2015,775.960022,778.820007,769.530029,776.460022,776.460022,1171579600,Profit,0.064436309
8/18/2015,773.119995,774.849976,761.590027,761.590027,761.590027,1088941300,Loss,1.491355556
8/19/2015,759.460022,765.75,753.880005,756.400024,756.400024,945603200,Loss,0.402917588
8/20/2015,752.890015,753.76001,744.820007,747.940002,747.940002,878655100,Loss,0.657468276
8/21/2015,737.630005,737.630005,727.22998,727.22998,727.22998,1129759200,Loss,1.409924343
8/24/2015,702.98999,703.150024,682.440002,692.210022,692.210022,1410362300,Loss,1.533445448
8/25/2015,696.940002,725.320007,696.890015,708.26001,708.26001,1816062400,Profit,1.624244263
8/26/2015,701.179993,712.77002,694.460022,710.799988,710.799988,1401357200,Profit,1.37197226
8/27/2015,725.650024,756.150024,725.650024,754.830017,754.830017,1838935100,Profit,4.021221255
8/28/2015,767.5,771.830017,754.169983,757.070007,757.070007,1518609500,Loss,1.358956743
8/31/2015,757.27002,771.429993,755.969971,770.809998,770.809998,1233750300,Profit,1.787998685
9/1/2015,764.309998,764.460022,748.580017,748.97998,748.97998,1003808200,Loss,2.005733019
9/2/2015,737.539978,750.27002,734.659973,746.109985,746.109985,1075278300,Profit,1.16197186
9/3/2015,752.929993,755.409973,745.880005,753.169983,753.169983,960255900,Profit,0.031874145
9/4/2015,750.450012,753.23999,747.5,749.849976,749.849976,691747500,Loss,0.079956825
9/7/2015,745.210022,745.390015,722.630005,723.929993,723.929993,750655600,Loss,2.85557472
9/8/2015,719.02002,728.780029,715.710022,726.630005,726.630005,1156435600,Profit,1.058382908
9/9/2015,734.030029,738.25,727.780029,732.22998,732.22998,1442088400,Loss,0.245228251
9/10/2015,723.380005,731.48999,718.659973,731.48999,731.48999,1021644000,Profit,1.121123745
9/11/2015,736.659973,740.609985,735.48999,736.359985,736.359985,812126200,Loss,0.040722723
9/14/2015,740.900024,743.369995,737.590027,743.369995,743.369995,626388200,Profit,0.333374399
9/15/2015,738.900024,739.679993,730.840027,732.619995,732.619995,643791500,Loss,0.849915929
9/16/2015,735.950012,737.76001,727.830017,728.940002,728.940002,768254000,Loss,0.952511704
9/17/2015,732.400024,741.700012,731.140015,740.969971,740.969971,978554200,Profit,1.17011834
9/18/2015,742.169983,747.030029,734.390015,740.380005,740.380005,1317798000,Loss,0.241181675
9/21/2015,733.219971,739.289978,731.27002,737.190002,737.190002,554492000,Profit,0.541451564
9/22/2015,738.349976,739.98999,728.340027,729.919983,729.919983,867735500,Loss,1.141734039
9/23/2015,720.890015,720.940002,706.849976,707.859985,707.859985,923571200,Loss,1.80749209
9/25/2015,709.47998,709.52002,696.109985,699.369995,699.369995,1097523900,Loss,1.424985241
9/28/2015,696.429993,696.869995,680.299988,680.299988,680.299988,926042300,Loss,2.316098554
9/29/2015,667.52002,696.710022,660.809998,696.710022,696.710022,1060657100,Profit,4.372902853
9/30/2015,699.539978,707.320007,694.02002,704.97998,704.97998,1107794700,Profit,0.777654197
10/1/2015,706.900024,716.679993,705.659973,711.77002,711.77002,942353200,Profit,0.688922879
10/2/2015,708.97998,712.75,701.320007,701.320007,701.320007,692915400,Loss,1.080421622
10/5/2015,710.409973,735.080017,709.799988,733.700012,733.700012,1231198700,Profit,3.278394151
10/6/2015,743.330017,762.809998,743.330017,759.309998,759.309998,1850039700,Profit,2.14978282
10/7/2015,762.659973,768.25,751.159973,767.080017,767.080017,1476031300,Profit,0.57955631
10/8/2015,770.909973,777.719971,767.469971,768.549988,768.549988,1089294800,Loss,0.306129779
10/9/2015,780.609985,795.22998,780.609985,788.950012,788.950012,1646385200,Profit,1.068398709
10/12/2015,790.880005,799.320007,790.650024,796.869995,796.869995,1155065000,Profit,0.75738291
10/13/2015,794.609985,794.669983,763.119995,763.119995,763.119995,1234520200,Loss,3.962949195
10/15/2015,770.849976,780.090027,770.070007,770.070007,770.070007,884311600,Loss,0.101182983
10/16/2015,775.98999,778.710022,768.469971,772.27002,772.27002,894490200,Loss,0.479383761
10/19/2015,775.559998,785.549988,775.400024,785.390015,785.390015,863655300,Profit,1.267473442
10/20/2015,784.619995,794.299988,783.27002,788.909973,788.909973,1188289600,Profit,0.546758689
10/21/2015,791.820007,802.140015,790.969971,793.780029,793.780029,1118497900,Profit,0.247533781
10/22/2015,795.969971,796.580017,788.549988,789.51001,789.51001,925942000,Loss,0.811583506
10/23/2015,807.109985,810.409973,797.26001,804.73999,804.73999,1535616900,Loss,0.293639658
10/26/2015,812.419983,814.849976,809.840027,812.900024,812.900024,1211403200,Profit,0.059087788
10/27/2015,806.429993,810.72998,797.580017,810.72998,810.72998,1020915000,Profit,0.533212683
10/28/2015,803.890015,806.190002,793.289978,795.97998,795.97998,905684400,Loss,0.983969803
10/29/2015,794.140015,794.98999,765.340027,765.530029,765.530029,1062727200,Loss,3.602637502
10/30/2015,763.210022,768.039978,759.549988,759.72998,759.72998,1059090900,Loss,0.455974358
11/2/2015,756.460022,764.140015,752.130005,762.409973,762.409973,909717700,Profit,0.786551943
11/3/2015,777.530029,777.530029,777.530029,777.530029,777.530029,0,Same,0
11/4/2015,794.640015,794.640015,794.640015,794.640015,794.640015,0,Same,0
11/5/2015,787.01001,787.01001,787.01001,787.01001,787.01001,0,Same,0
11/6/2015,789.469971,792.679993,783.830017,783.830017,783.830017,605608800,Loss,0.714397533
11/9/2015,767.98999,767.98999,767.98999,767.98999,767.98999,0,Same,0
11/10/2015,754.700012,754.700012,754.700012,754.700012,754.700012,0,Same,0
11/11/2015,756.710022,756.710022,756.710022,756.710022,756.710022,0,Same,0
11/12/2015,759.330017,759.330017,759.330017,759.330017,759.330017,0,Same,0
11/13/2015,754.02002,767.159973,752.590027,762.890015,762.890015,700823400,Profit,1.176360675
11/16/2015,756.47998,756.47998,756.47998,756.47998,756.47998,0,Same,0
11/17/2015,770.950012,770.950012,770.950012,770.950012,770.950012,0,Same,0
11/18/2015,773.369995,773.369995,773.369995,773.369995,773.369995,0,Same,0
11/19/2015,778.059998,778.059998,778.059998,778.059998,778.059998,0,Same,0
11/20/2015,774.549988,787.450012,774.390015,787.450012,787.450012,955950800,Profit,1.665486308
11/23/2015,780.549988,780.549988,780.549988,780.549988,780.549988,0,Same,0
11/24/2015,781.330017,781.330017,781.330017,781.330017,781.330017,0,Same,0
11/25/2015,790.299988,790.299988,790.299988,790.299988,790.299988,0,Same,0
11/26/2015,795.179993,795.179993,795.179993,795.179993,795.179993,0,Same,0
11/27/2015,795.719971,797.929993,782.659973,787.039978,787.039978,624915600,Loss,1.090835133
11/30/2015,755.460022,755.460022,755.460022,755.460022,755.460022,0,Same,0
12/1/2015,785.640015,785.640015,785.640015,785.640015,785.640015,0,Same,0
12/2/2015,784.98999,784.98999,784.98999,784.98999,784.98999,0,Same,0
12/3/2015,783.840027,783.840027,783.840027,783.840027,783.840027,0,Same,0
12/4/2015,777.26001,783.859985,775.929993,777.47998,777.47998,761510300,Profit,0.028300697
12/7/2015,781.22998,781.22998,781.22998,781.22998,781.22998,0,Same,0
12/8/2015,774.01001,780.929993,767.73999,767.73999,767.73999,893855100,Loss,0.810069627
12/9/2015,null,null,null,null,null,null,#VALUE!,#VALUE!
12/10/2015,767.429993,767.429993,767.429993,767.429993,767.429993,0,Same,0
12/11/2015,768.849976,769.22998,751.640015,751.640015,751.640015,764955500,Loss,2.238403009
12/14/2015,748.119995,748.119995,748.119995,748.119995,748.119995,0,Same,0
12/15/2015,756.369995,756.369995,756.369995,756.369995,756.369995,0,Same,0
12/16/2015,773.049988,773.049988,773.049988,773.049988,773.049988,0,Same,0
12/17/2015,790.960022,790.960022,790.960022,790.960022,790.960022,0,Same,0
12/18/2015,778.549988,779.469971,770.859985,770.859985,770.859985,852400700,Loss,0.987734008
12/21/2015,775.450012,775.450012,775.450012,775.450012,775.450012,0,Same,0
12/22/2015,779.150024,779.150024,779.150024,779.150024,779.150024,0,Same,0
12/23/2015,778.27002,780.27002,773.030029,778.109985,778.109985,665741100,Loss,0.020562915
12/28/2015,785.469971,785.469971,785.469971,785.469971,785.469971,0,Same,0
12/29/2015,787.900024,787.900024,787.900024,787.900024,787.900024,0,Same,0
12/30/2015,789.22998,797.669983,789.099976,792.030029,792.030029,957909000,Profit,0.354782392
1/4/2016,782.200012,782.200012,782.200012,782.200012,782.200012,0,Same,0
1/5/2016,789.619995,789.619995,789.619995,789.619995,789.619995,0,Same,0
1/6/2016,802.130005,802.130005,802.130005,802.130005,802.130005,0,Same,0
1/7/2016,785.799988,785.799988,785.799988,785.799988,785.799988,0,Same,0
1/8/2016,784.210022,791.369995,780.809998,790.059998,790.059998,1108408300,Profit,0.745970574
1/11/2016,773.440002,773.440002,773.440002,773.440002,773.440002,0,Same,0
1/12/2016,786.919983,786.919983,786.919983,786.919983,786.919983,0,Same,0
1/13/2016,793.549988,797.380005,791.630005,793.299988,793.299988,0,Loss,0.031504001
1/14/2016,780.700012,791.409973,774.780029,786.419983,786.419983,0,Profit,0.732672078
1/15/2016,788.059998,792.549988,784.219971,784.219971,784.219971,802490100,Loss,0.48727597
1/18/2016,776.219971,776.219971,776.219971,776.219971,776.219971,0,Same,0
1/19/2016,782.429993,782.429993,782.429993,782.429993,782.429993,0,Same,0
1/20/2016,769.130005,769.130005,769.130005,769.130005,769.130005,0,Same,0
1/21/2016,767.900024,767.900024,767.900024,767.900024,767.900024,0,Same,0
1/22/2016,777.070007,779.309998,770.359985,779.309998,779.309998,1199236200,Profit,0.288261158
1/25/2016,786.070007,786.070007,786.070007,786.070007,786.070007,0,Same,0
1/26/2016,782.919983,782.919983,782.919983,782.919983,782.919983,0,Same,0
1/27/2016,793.97998,793.97998,793.97998,793.97998,793.97998,0,Same,0
1/28/2016,795.02002,795.02002,795.02002,795.02002,795.02002,0,Same,0
1/29/2016,797.599976,801.109985,789.820007,799.98999,799.98999,1455762700,Profit,0.299650711
2/1/2016,803.030029,803.030029,803.030029,803.030029,803.030029,0,Same,0
2/2/2016,793.450012,793.450012,793.450012,793.450012,793.450012,0,Same,0
2/3/2016,796.809998,796.809998,796.809998,796.809998,796.809998,0,Same,0
2/4/2016,813.75,813.75,813.75,813.75,813.75,0,Same,0
2/5/2016,815.909973,843.950012,815.76001,843.950012,843.950012,2099781900,Profit,3.436658446
2/9/2016,838.23999,838.23999,838.23999,838.23999,838.23999,0,Same,0
2/10/2016,829.640015,829.640015,829.640015,829.640015,829.640015,0,Same,0
2/11/2016,839.02002,839.02002,839.02002,839.02002,839.02002,0,Same,0
2/12/2016,834.549988,837.679993,824.73999,825.340027,825.340027,1191550800,Loss,1.103584103
2/15/2016,831.059998,831.059998,831.059998,831.059998,831.059998,0,Same,0
2/16/2016,831.119995,831.119995,831.119995,831.119995,831.119995,0,Same,0
2/17/2016,835.530029,835.530029,835.530029,835.530029,835.530029,0,Same,0
2/18/2016,838.789978,838.789978,838.789978,838.789978,838.789978,0,Same,0
2/19/2016,830.280029,834.380005,817.289978,820.390015,820.390015,1681231200,Loss,1.191166071
2/22/2016,822.559998,822.559998,822.559998,822.559998,822.559998,0,Same,0
2/23/2016,810.390015,810.390015,810.390015,810.390015,810.390015,0,Same,0
2/24/2016,811,811,811,811,811,0,Same,0
2/25/2016,816.97998,817.570007,809.179993,811.289978,811.289978,0,Loss,0.69646774
2/26/2016,820.530029,829.049988,818.210022,828.179993,828.179993,1082703500,Profit,0.932319809
2/29/2016,834.73999,834.73999,834.73999,834.73999,834.73999,0,Same,0
3/1/2016,837.140015,837.140015,837.140015,837.140015,837.140015,0,Same,0
3/2/2016,848.349976,848.349976,848.349976,848.349976,848.349976,0,Same,0
3/3/2016,849.570007,849.570007,849.570007,849.570007,849.570007,0,Same,0
3/4/2016,849.679993,852.75,837.710022,848.609985,848.609985,1200809500,Loss,0.125930704
3/7/2016,842.590027,842.590027,842.590027,842.590027,842.590027,0,Same,0
3/8/2016,842.460022,844.940002,830.280029,838.559998,838.559998,1450509900,Loss,0.462932827
3/10/2016,834.309998,834.309998,834.309998,834.309998,834.309998,0,Same,0
3/11/2016,832.099976,838.609985,830.140015,838.609985,838.609985,1363842400,Profit,0.782358994
3/14/2016,844.840027,852.169983,842.47998,852.140015,852.140015,1566834600,Profit,0.864067488
3/15/2016,852.960022,853.659973,844.099976,846.409973,846.409973,1502877900,Loss,0.767919812
3/16/2016,846.119995,849.070007,843.140015,849.070007,849.070007,1582759000,Profit,0.34865173
3/17/2016,854.429993,856.869995,849.650024,853.650024,853.650024,1546330800,Loss,0.091285302
3/18/2016,854.690002,857.690002,846.77002,852.099976,852.099976,2036901300,Loss,0.30303689
3/21/2016,848.539978,856.869995,848.51001,852.590027,852.590027,1206355700,Profit,0.477296192
3/22/2016,849.070007,851.590027,841.109985,845.630005,845.630005,1094272400,Loss,0.405149395
3/23/2016,844.159973,844.210022,838.159973,843.789978,843.789978,1192946900,Loss,0.043829963
3/24/2016,839.460022,843.140015,836.419983,838.559998,838.559998,1216233000,Loss,0.107214635
3/28/2016,834.150024,835.570007,824.890015,827.539978,827.539978,1084836200,Loss,0.792428917
3/29/2016,826.039978,829.950012,824.409973,829.320007,829.320007,1109908800,Profit,0.397078723
3/30/2016,833.219971,839.719971,830.75,835.48999,835.48999,1738229000,Profit,0.272439341
3/31/2016,838.070007,841.22998,833.869995,840.349976,840.349976,1470057100,Profit,0.272049946
4/1/2016,839.859985,840.299988,834.77002,840.299988,840.299988,1032943000,Profit,0.052390042
4/4/2016,839.549988,845.630005,839.450012,842.960022,842.960022,1356630600,Profit,0.406174028
4/5/2016,842.630005,851.349976,841.419983,845.47998,845.47998,1172603200,Profit,0.338223774
4/6/2016,846.710022,849.409973,845.969971,845.969971,845.969971,931076200,Loss,0.087403123
4/7/2016,850.059998,852.059998,843.539978,845.530029,845.530029,1688621500,Loss,0.532899914
4/8/2016,838.72998,843.73999,836.159973,839.710022,839.710022,1781076900,Profit,0.116848333
4/11/2016,836.419983,838.859985,822.080017,826.320007,826.320007,1160196000,Loss,1.207524474
4/12/2016,826.669983,835.98999,823.799988,835.98999,835.98999,1103261200,Profit,1.127415679
4/13/2016,840.280029,842.349976,834.359985,839.460022,839.460022,1445986900,Loss,0.097587348
4/14/2016,844.200012,844.400024,831.559998,831.559998,831.559998,1239143800,Loss,1.497277164
4/15/2016,836.5,836.890015,827.099976,834.609985,834.609985,1146953100,Loss,0.225943216
4/18/2016,831.900024,844.909973,829.52002,844.909973,844.909973,1326208700,Profit,1.563883715
4/19/2016,847.359985,849.409973,844.409973,847.640015,847.640015,1730026600,Profit,0.033047348
4/20/2016,846.23999,847.869995,841.190002,845.700012,845.700012,1500250400,Loss,0.063809086
4/21/2016,847.75,852.059998,847.460022,850.580017,850.580017,1319861100,Profit,0.333826836
4/22/2016,849.51001,853.719971,845.390015,852.869995,852.869995,1025979400,Profit,0.395520354
4/25/2016,854.26001,854.26001,842.080017,845.650024,845.650024,1172851100,Loss,1.007888219
4/26/2016,842.52002,842.580017,826.700012,830.830017,830.830017,1396723700,Loss,1.387504477
4/27/2016,829.25,835.289978,827.320007,835.289978,835.289978,985571300,Profit,0.728366355
4/28/2016,839.309998,842.200012,830.909973,834.409973,834.409973,1272161100,Loss,0.583815874
4/29/2016,832.179993,832.849976,827.73999,832.51001,832.51001,1271739700,Profit,0.039656926
5/2/2016,830.140015,831.590027,818.880005,826.619995,826.619995,925025000,Loss,0.424027265
5/3/2016,829.25,831.900024,825.830017,827.190002,827.190002,1015499200,Loss,0.248417003
5/4/2016,826.299988,830.97998,818.080017,830.97998,830.97998,1218747100,Profit,0.566379289
5/9/2016,827.51001,828.849976,815.200012,815.200012,815.200012,1423702000,Loss,1.487595056
5/10/2016,815.26001,819.559998,811.580017,819.450012,819.450012,1342866800,Profit,0.51394671
5/11/2016,823.900024,830.159973,820.179993,826.719971,826.719971,1119898600,Profit,0.342268105
5/12/2016,825.679993,831.200012,824.580017,825.609985,825.609985,953085100,Loss,0.00847883
5/13/2016,825.090027,825.640015,812.909973,817.030029,817.030029,1038091200,Loss,0.976862856
5/16/2016,813.02002,813.75,807.030029,809.130005,809.130005,1121559400,Loss,0.478464848
5/17/2016,810.51001,811.609985,805.840027,808.47998,808.47998,1057189000,Loss,0.250463285
5/18/2016,806.690002,811.679993,805.210022,809.820007,809.820007,1159145000,Profit,0.388005924
5/19/2016,809.599976,810.659973,800.059998,801.929993,801.929993,1356004600,Loss,0.947379351
5/20/2016,800.640015,807.77002,799.210022,805.150024,805.150024,1186530600,Profit,0.563300474
5/23/2016,805.849976,812.130005,805.849976,811.960022,811.960022,833666600,Profit,0.758211352
5/24/2016,810.599976,813.549988,806.349976,806.349976,806.349976,1272109700,Loss,0.524303001
5/25/2016,819.210022,819.210022,819.210022,819.210022,819.210022,0,Same,0
5/26/2016,820.340027,821.219971,816.070007,820.859985,820.859985,1042141400,Profit,0.063383229
5/27/2016,820.340027,826.799988,818.929993,826.299988,826.299988,955104300,Profit,0.726523247
5/30/2016,827.359985,832.859985,826.820007,828.809998,828.809998,1023996900,Profit,0.175257811
5/31/2016,828.23999,828.679993,819.289978,820.01001,820.01001,1839526500,Loss,0.993670929
6/1/2016,821.25,831.599976,820.859985,829.429993,829.429993,1138430500,Profit,0.996041766
6/2/2016,828.650024,833.369995,827.559998,827.559998,827.559998,1282770200,Loss,0.131542384
6/3/2016,830.570007,832.72998,827.76001,830.940002,830.940002,925260400,Profit,0.044547118
6/6/2016,833.080017,841.22998,832.359985,841.22998,841.22998,0,Profit,0.978292941
6/7/2016,844.25,848.950012,844.030029,848.950012,848.950012,1547279900,Profit,0.556708558
6/8/2016,847.48999,849.849976,839.210022,844.789978,844.789978,1341812200,Loss,0.31858925
6/9/2016,844.030029,844.919983,834.929993,834.929993,834.929993,1425816100,Loss,1.078164957
6/10/2016,836.280029,837.570007,827.48999,827.48999,827.48999,868579600,Loss,1.051087996
6/13/2016,825.01001,825.700012,819.76001,819.76001,819.76001,690525200,Loss,0.636355915
6/14/2016,817.369995,825.190002,816.570007,823.039978,823.039978,813356400,Profit,0.693686217
6/15/2016,820.469971,821.27002,815.619995,820.159973,820.159973,1077163100,Loss,0.037782979
6/16/2016,821.26001,823.219971,817.559998,820.419983,820.419983,1257149700,Loss,0.102285146
6/17/2016,823.23999,825.75,817.820007,824.580017,824.580017,1525759300,Profit,0.16277477
6/20/2016,828.200012,829.929993,822.22998,829.929993,829.929993,1161754500,Profit,0.208884445
6/21/2016,832.390015,835.47998,830.359985,832.789978,832.789978,1739850500,Profit,0.048049952
6/22/2016,832.330017,836.630005,832.330017,835.929993,835.929993,1690709000,Profit,0.432517863
6/23/2016,835.919983,836.559998,826.909973,831,831,1204739600,Loss,0.588571047
6/24/2016,831.929993,833.719971,807.880005,824.619995,824.619995,1627698600,Loss,0.878679464
6/27/2016,817.02002,825.919983,815.700012,822.98999,822.98999,1135248800,Profit,0.730700577
6/28/2016,823.01001,836.419983,822.929993,833.849976,833.849976,1707515000,Profit,1.317112291
6/29/2016,839.780029,855.679993,839.780029,855.679993,855.679993,1665632200,Profit,1.893348669
6/30/2016,860.609985,865.159973,857.890015,860.719971,860.719971,1664462200,Profit,0.012780005
7/1/2016,863.450012,865.070007,850.299988,850.52002,850.52002,1027009700,Loss,1.497480088
7/11/2016,862.890015,875.169983,861.909973,872.25,872.25,1897339000,Profit,1.084725149
7/12/2016,878.02002,883.280029,871.469971,877.169983,877.169983,1756471400,Loss,0.096812941
7/13/2016,880.52002,885.710022,875.77002,885.710022,885.710022,1656486400,Profit,0.589424645
7/14/2016,883.650024,884.409973,871.849976,872.219971,872.219971,1519476300,Loss,1.29350452
7/15/2016,873.890015,880.76001,873.080017,877.48999,877.48999,1333187900,Profit,0.411948293
7/18/2016,876.919983,881.440002,872.390015,880.570007,880.570007,1494216400,Profit,0.416232276
7/19/2016,881.909973,895.320007,881.719971,891.049988,891.049988,1742063400,Profit,1.036388665
7/20/2016,894.22998,905.849976,894.22998,905.849976,905.849976,1294847700,Profit,1.29944156
7/21/2016,906.710022,909.179993,898.859985,898.859985,898.859985,1568614000,Loss,0.865771505
7/22/2016,898.409973,898.48999,889.640015,894.630005,894.630005,1093471300,Loss,0.420739764
7/25/2016,895.669983,901.119995,894.780029,900.150024,900.150024,1027743600,Profit,0.500188807
7/26/2016,899.51001,903.76001,896.320007,902.200012,902.200012,1092925700,Profit,0.299051925
7/27/2016,907.429993,917.799988,907.429993,910.780029,910.780029,1659854500,Profit,0.369178452
7/28/2016,911.809998,914,905.280029,913.710022,913.710022,0,Profit,0.208379378
7/29/2016,914.130005,921.169983,892.840027,892.840027,892.840027,1574356900,Loss,2.328987987
8/1/2016,908.950012,928.030029,908.780029,926.099976,926.099976,1699424900,Profit,1.886788467
8/2/2016,924.929993,929.280029,923.840027,926.909973,926.909973,1473025300,Profit,0.214068093
8/3/2016,925.469971,926.849976,916,920.72998,920.72998,1327178100,Loss,0.512171237
8/4/2016,924.02002,927.349976,920.869995,924.789978,924.789978,1392481700,Profit,0.083326982
8/5/2016,926.349976,934.690002,926.01001,932.190002,932.190002,1772277300,Profit,0.630434086
8/8/2016,935.820007,940.77002,933.330017,940.77002,940.77002,1469375500,Profit,0.52894926
8/9/2016,941,944.219971,933.390015,936.330017,936.330017,1723605600,Loss,0.496278746
8/10/2016,936.200012,938.690002,927.200012,931.190002,931.190002,1825266400,Loss,0.535143125
8/11/2016,934.73999,937.710022,923.960022,929.140015,929.140015,1909609900,Loss,0.599094407
8/12/2016,932.590027,935.349976,919.47998,921.52002,921.52002,1384407800,Loss,1.187017519
8/15/2016,924.73999,925.640015,907.530029,912.059998,912.059998,2357827800,Loss,1.371195378
8/16/2016,917.419983,925.099976,916.530029,922.919983,922.919983,1597775300,Profit,0.599507325
8/18/2016,926.919983,942.440002,926.400024,942.440002,942.440002,2141732700,Profit,1.674364485
8/19/2016,944.090027,944.609985,931.409973,931.409973,931.409973,1847772200,Loss,1.343097971
8/22/2016,933.880005,935.400024,927.359985,933.950012,933.950012,1357809500,Profit,0.007496359
8/23/2016,935.669983,936.559998,918.419983,932.23999,932.23999,2032053500,Loss,0.366581494
8/24/2016,929.640015,932.650024,925.460022,929.02002,929.02002,1597896300,Loss,0.066691944
8/25/2016,931.530029,941.309998,931.179993,941.309998,941.309998,1803067500,Profit,1.049882311
8/26/2016,941.299988,941.380005,933.299988,937.590027,937.590027,1592437900,Loss,0.394131631
8/29/2016,934.150024,934.26001,918.099976,923.98999,923.98999,1703121000,Loss,1.087623373
8/30/2016,923.440002,927.140015,917.789978,922.960022,922.960022,1909137000,Loss,0.051977389
8/31/2016,921.159973,929.700012,920.669983,924.960022,924.960022,2135413700,Profit,0.412528672
9/1/2016,920.549988,922.72998,912.549988,915.77002,915.77002,1712543200,Loss,0.519251324
9/2/2016,913.02002,920.909973,912.52002,919.340027,919.340027,1367854100,Profit,0.692209027
9/5/2016,925.650024,928.309998,918.98999,920.140015,920.140015,1637751100,Loss,0.595258344
9/6/2016,921.659973,926.200012,918.159973,926.200012,926.200012,1803317800,Profit,0.492593704
9/7/2016,928.73999,930.159973,922.22998,927.890015,927.890015,1629536500,Loss,0.091519156
9/8/2016,928.320007,928.369995,923.75,924.859985,924.859985,1712152100,Loss,0.372718672
9/9/2016,920.909973,921.549988,906.47998,906.47998,906.47998,1685339200,Loss,1.56692765
9/13/2016,902.51001,904.159973,895,895.47998,895.47998,2066885600,Loss,0.778942053
9/14/2016,888.659973,888.659973,879.590027,881.380005,881.380005,2789113600,Loss,0.819207371
9/15/2016,885.070007,908.669983,883.599976,907.429993,907.429993,2499552900,Profit,2.526352246
9/16/2016,912.849976,915.679993,904.140015,907.590027,907.590027,2539858300,Loss,0.57621177
9/19/2016,912.960022,922.52002,912.130005,919.210022,919.210022,1737926100,Profit,0.684586384
9/20/2016,919.580017,921.690002,913.940002,915.719971,915.719971,2025000600,Loss,0.41976184
9/21/2016,914.059998,923.47998,908.47998,921.340027,921.340027,2568999700,Profit,0.796449797
9/22/2016,931.340027,936.200012,928.01001,930.580017,930.580017,2368369200,Loss,0.081603923
9/23/2016,929.429993,933.369995,924.530029,933.369995,933.369995,2374657900,Profit,0.423915952
9/26/2016,929.909973,930.080017,921.109985,924.849976,924.849976,1965664500,Loss,0.544138373
9/27/2016,920.929993,940.640015,911.090027,940.640015,940.640015,2783537900,Profit,2.140230218
9/28/2016,933.369995,942.150024,931.070007,939.859985,939.859985,2790491800,Profit,0.695328759
9/29/2016,944.26001,948.73999,939.690002,939.690002,939.690002,3121011600,Loss,0.483977713
9/30/2016,934.76001,941.109985,922.200012,922.200012,922.200012,2882144600,Loss,1.343660176
10/3/2016,932.039978,943.820007,932.039978,943.820007,943.820007,2311943400,Profit,1.263897395
10/4/2016,946.77002,947.789978,942.780029,946.530029,946.530029,2466212900,Loss,0.025348395
10/5/2016,942.919983,943.77002,931.619995,935.609985,935.609985,2999946000,Loss,0.775251149
10/6/2016,937.580017,941.400024,930.22998,933.75,933.75,3156923700,Loss,0.408500281
10/7/2016,932.369995,933.22998,922.340027,924.820007,924.820007,2297493300,Loss,0.809763081
10/10/2016,923.27002,928.440002,917.659973,919.369995,919.369995,2000657000,Loss,0.422414344
10/11/2016,922.359985,924.710022,916.159973,924.640015,924.640015,2874499500,Profit,0.247195242
10/12/2016,920.190002,924.429993,917.210022,920.200012,920.200012,2850087400,Profit,0.001087819
10/13/2016,921.109985,924.609985,916.130005,917.27002,917.27002,2637109000,Loss,0.416884527
10/14/2016,916.849976,933.179993,914.809998,931.429993,931.429993,3184106700,Profit,1.590229305
10/17/2016,929.179993,935.640015,927.590027,933.25,933.25,2613198600,Profit,0.438021377
10/18/2016,936.869995,940.909973,936.409973,936.599976,936.599976,2951933500,Loss,0.028821395
10/19/2016,938.169983,939.280029,930,931.27002,931.27002,3138973800,Loss,0.73547045
10/20/2016,931.400024,934.080017,928.640015,929.820007,929.820007,3218668600,Loss,0.169638926
10/21/2016,930.710022,932.179993,927.929993,930.460022,930.460022,2655144200,Loss,0.026861213
10/24/2016,932.030029,934.73999,929.929993,929.929993,929.929993,2590216400,Loss,0.225318491
10/25/2016,931.219971,932.849976,924.869995,924.869995,924.869995,1940792200,Loss,0.681898606
10/26/2016,922.320007,925.049988,920.789978,922.690002,922.690002,2090774000,Profit,0.040115686
10/27/2016,924.210022,927.950012,923.51001,927.530029,927.530029,2682831500,Profit,0.359226466
10/28/2016,926.940002,929.469971,925.190002,926.419983,926.419983,2546500200,Loss,0.05610061
10/31/2016,927.26001,930.169983,924.880005,927.099976,927.099976,2169781700,Loss,0.017258805
11/1/2016,929.169983,930.5,925.570007,925.570007,925.570007,2319275200,Loss,0.38743998
11/2/2016,925.320007,927.559998,922.150024,924.820007,924.820007,2658844000,Loss,0.05403536
11/3/2016,922.409973,923.219971,907.340027,907.340027,907.340027,2767927100,Loss,1.633757921
11/4/2016,902.619995,913.460022,901.210022,913.460022,913.460022,2503023600,Profit,1.200951348
11/7/2016,917.419983,917.419983,917.419983,917.419983,917.419983,0,Same,0
11/8/2016,934.849976,934.849976,934.849976,934.849976,934.849976,0,Same,0
11/9/2016,921.450012,921.450012,921.450012,921.450012,921.450012,0,Same,0
11/10/2016,926.219971,926.219971,926.219971,926.219971,926.219971,0,Same,0
11/11/2016,908.659973,908.679993,878.309998,878.309998,878.309998,4080952100,Loss,3.340080547
11/14/2016,854.919983,854.919983,854.919983,854.919983,854.919983,0,Same,0
11/15/2016,849.070007,849.070007,849.070007,849.070007,849.070007,0,Same,0
11/16/2016,870.049988,870.049988,870.049988,870.049988,870.049988,0,Same,0
11/17/2016,870.710022,870.710022,870.710022,870.710022,870.710022,0,Same,0
11/18/2016,871.22998,871.570007,859.570007,867.559998,867.559998,2231076000,Loss,0.421241473
11/21/2016,862.039978,862.039978,862.039978,862.039978,862.039978,0,Same,0
11/22/2016,870.909973,870.909973,870.909973,870.909973,870.909973,0,Same,0
11/23/2016,873.219971,873.219971,873.219971,873.219971,873.219971,0,Same,0
11/24/2016,864.960022,868.710022,849.97998,851.48999,851.48999,0,Loss,1.557301107
11/25/2016,848.840027,855.419983,848.72998,853.840027,853.840027,2566205900,Profit,0.589039141
11/28/2016,852.23999,852.23999,852.23999,852.23999,852.23999,0,Same,0
11/29/2016,856.109985,856.109985,856.109985,856.109985,856.109985,0,Same,0
11/30/2016,857.25,857.25,857.25,857.25,857.25,0,Same,0
12/1/2016,869.690002,869.690002,869.690002,869.690002,869.690002,0,Same,0
12/2/2016,872,881.469971,870.359985,880.570007,880.570007,2534792200,Profit,0.982798968
12/5/2016,885.179993,885.179993,885.179993,885.179993,885.179993,0,Same,0
12/6/2016,884.280029,884.280029,884.280029,884.280029,884.280029,0,Same,0
12/7/2016,881.289978,881.289978,881.289978,881.289978,881.289978,0,Same,0
12/8/2016,889.669983,889.669983,889.669983,889.669983,889.669983,0,Same,0
12/9/2016,888.109985,890.309998,885.299988,890.309998,890.309998,2082772600,Profit,0.24771853
12/13/2016,889.77002,889.77002,889.77002,889.77002,889.77002,0,Same,0
12/14/2016,882.73999,882.73999,882.73999,882.73999,882.73999,0,Same,0
12/15/2016,880.690002,880.690002,880.690002,880.690002,880.690002,0,Same,0
12/16/2016,882.140015,882.609985,873.679993,873.679993,873.679993,2587551400,Loss,0.959033924
12/19/2016,865.059998,865.059998,865.059998,865.059998,865.059998,0,Same,0
12/20/2016,858.48999,858.48999,858.48999,858.48999,858.48999,0,Same,0
12/21/2016,847.130005,847.130005,847.130005,847.130005,847.130005,0,Same,0
12/22/2016,833.429993,833.429993,833.429993,833.429993,833.429993,0,Same,0
12/23/2016,831.77002,838.909973,828.5,828.75,828.75,2313093100,Loss,0.363083536
12/27/2016,845.679993,845.679993,845.679993,845.679993,845.679993,0,Same,0
12/28/2016,867.549988,867.549988,867.549988,867.549988,867.549988,0,Same,0
12/29/2016,887.549988,887.549988,887.549988,887.549988,887.549988,0,Same,0
12/30/2016,888.76001,894.849976,884.619995,884.619995,884.619995,2710761400,Loss,0.465819226
